Titre,Vendeur,Acheteurs,Notes,Date Dernier Avis,Catégorie,Sous-Catégorie,Mots Clés,Lien
403 Forbidden,Non trouvé,Non trouvé,Non trouvé,Aucun avis,Inconnu,Inconnu,Aucun tag,https://khamsat.com/video-design/video-editing/3662587-%D9%85%D9%88%D9%86%D8%AA%D8%A7%D8%AC-%D9%81%D9%8A%D8%AF%D9%8A%D9%88%D9%87%D8%A7%D8%AA-%D9%82%D8%B5%D9%8A%D8%B1%D8%A9-%D8%A7%D8%AD%D8%AA%D8%B1%D8%A7%D9%81%D9%8A%D8%A9
403 Forbidden,Non trouvé,Non trouvé,Non trouvé,Aucun avis,Inconnu,Inconnu,Aucun tag,https://khamsat.com/video-design/video-editing/2106056-%D8%B9%D9%85%D9%84-%D9%85%D9%88%D9%86%D8%AA%D8%A7%D8%AC-%D9%81%D9%8A%D8%AF%D9%8A%D9%88%D8%BA%D8%B1%D8%A7%D9%81-%D9%88%D8%AB%D8%A7%D8%A6%D9%82%D9%8A-%D8%AA%D8%A7%D8%B1%D9%8A%D8%AE%D9%8A
403 Forbidden,Non trouvé,Non trouvé,Non trouvé,Aucun avis,Inconnu,Inconnu,Aucun tag,https://khamsat.com/video-design/ai-video-animation/3619257-%D8%A7%D8%B9%D9%84%D8%A7%D9%86%D8%A7%D8%AA-%D8%A8%D8%A7%D9%84%D8%B0%D9%83%D8%A7%D8%A1-%D8%A7%D9%84%D8%A7%D8%B5%D8%B7%D9%86%D8%A7%D8%B9%D9%8A
403 Forbidden,Non trouvé,Non trouvé,Non trouvé,Aucun avis,Inconnu,Inconnu,Aucun tag,https://khamsat.com/video-design/short-videos/3405538-%D9%85%D9%88%D9%86%D8%AA%D8%A7%D8%AC-%D8%B1%D9%8A%D9%84%D8%B2-%D8%A5%D8%AD%D8%AA%D8%B1%D8%A7%D9%81%D9%8A-%D9%8A%D8%AC%D8%B0%D8%A8-%D8%A7%D9%84%D8%A5%D9%86%D8%B8%D8%A7%D8%B1-%D9%88%D9%8A%D8%B2%D9%8A%D8%AF-%D8%AC%D9%85%D9%87%D9%88%D8%B1%D9%83-%D8%A8%D8%B4%D9%83%D9%84-%D9%85%D8%A8%D8%A7%D8%B4%D8%B1
403 Forbidden,Non trouvé,Non trouvé,Non trouvé,Aucun avis,Inconnu,Inconnu,Aucun tag,https://khamsat.com/video-design/video-editing/2121907-%D9%85%D9%88%D9%86%D8%AA%D8%A7%D8%AC-%D9%81%D9%8A%D8%AF%D9%8A%D9%88%D9%87%D8%A7%D8%AA-%D8%A5%D8%AD%D8%AA%D8%B1%D8%A7%D9%81%D9%8A%D8%A9-%D9%88%D8%A8%D8%AC%D9%88%D8%AF%D8%A9-%D8%B9%D8%A7%D9%84%D9%8A%D8%A9-%D8%AC%D8%AF%D8%A7
403 Forbidden,Non trouvé,Non trouvé,Non trouvé,Aucun avis,Inconnu,Inconnu,Aucun tag,https://khamsat.com/video-design/video-editing/3674974-%D9%85%D9%88%D9%86%D8%AA%D8%A7%D8%AC-%D9%84%D9%81%D9%8A%D8%AF%D9%8A%D9%88%D9%87%D8%A7%D8%AA-%D8%B1%D9%8A%D9%84%D8%B2-vedio-editor
403 Forbidden,Non trouvé,Non trouvé,Non trouvé,Aucun avis,Inconnu,Inconnu,Aucun tag,https://khamsat.com/video-design/ai-video-animation/3709736-%D9%81%D9%8A%D8%AF%D9%8A%D9%88-ai-%D8%A7%D8%AD%D8%AA%D8%B1%D8%A7%D9%81%D9%8A-%D9%85%D8%B9-%D8%AA%D8%B9%D9%84%D9%8A%D9%82-%D8%B5%D9%88%D8%AA%D9%8A-%D8%B7%D8%A8%D9%8A%D8%B9%D9%8A-%D9%88%D9%85%D9%88%D9%86%D8%AA%D8%A7%D8%AC
403 Forbidden,Non trouvé,Non trouvé,Non trouvé,Aucun avis,Inconnu,Inconnu,Aucun tag,https://khamsat.com/video-design/short-videos/1176315-%D8%AA%D8%B5%D9%85%D9%8A%D9%85-%D8%B3%D8%AA%D9%88%D8%B1%D9%8A-story-%D8%A7%D9%86%D8%B3%D8%AA%D8%AC%D8%B1%D8%A7%D9%85-%D9%88%D8%A7%D8%AA%D8%B3-%D8%A7%D8%A8-%D8%B3%D9%86%D8%A7%D8%A8-%D8%B4%D8%A7%D8%AA
403 Forbidden,Non trouvé,Non trouvé,Non trouvé,Aucun avis,Inconnu,Inconnu,Aucun tag,https://khamsat.com/video-design/video-editing/2049609-%D8%B3%D8%A3%D9%82%D9%88%D9%85-%D8%A8%D8%B9%D9%85%D9%84-%D9%81%D9%8A%D8%AF%D9%8A%D9%88-%D8%AA%D9%88%D8%B6%D9%8A%D8%AD%D9%8A-%D9%84%D9%85%D9%88%D9%82%D8%B9%D9%83-%D8%A3%D9%88-%D8%AA%D8%B7%D8%A8%D9%8A%D9%82%D9%83
403 Forbidden,Non trouvé,Non trouvé,Non trouvé,Aucun avis,Inconnu,Inconnu,Aucun tag,https://khamsat.com/video-design/ai-video-animation/3331105-%D8%AA%D8%B5%D9%85%D9%8A%D9%85-%D9%81%D9%8A%D8%AF%D9%8A%D9%88%D9%87%D8%A7%D8%AA-%D8%AF%D8%B9%D8%A7%D8%A6%D9%8A%D8%A9-%D8%AA%D8%B9%D9%84%D9%8A%D9%85%D9%8A%D8%A9-%D8%A8%D8%A7%D9%84%D8%B0%D9%83%D8%A7%D8%A1-%D8%A7%D9%84%D8%B5%D9%86%D8%A7%D8%B9%D9%8A
403 Forbidden,Non trouvé,Non trouvé,Non trouvé,Aucun avis,Inconnu,Inconnu,Aucun tag,https://khamsat.com/video-design/video-editing/3028126-%D8%AA%D8%AD%D8%B1%D9%8A%D8%B1-%D9%85%D9%82%D8%B7%D8%B9-%D9%81%D9%8A%D8%AF%D9%8A%D9%88-%D8%A7%D8%AD%D8%AA%D8%B1%D8%A7%D9%81%D9%89-%D9%83%D8%A7%D9%85%D9%84
403 Forbidden,Non trouvé,Non trouvé,Non trouvé,Aucun avis,Inconnu,Inconnu,Aucun tag,https://khamsat.com/video-design/short-videos/2714954-%D9%85%D9%88%D9%86%D8%AA%D8%A7%D8%AC-%D9%81%D9%8A%D8%AF%D9%8A%D9%88%D9%87%D8%A7%D8%AA-%D8%B4%D9%88%D8%B1%D8%AA%D8%B3-shorts-reels-%D8%A8%D8%B7%D8%B1%D9%8A%D9%82%D8%A9-%D8%A7%D9%84%D9%85%D9%88%D8%B4%D9%86-%D8%AC%D8%B1%D8%A7%D9%81%D9%8A%D9%83%D8%B3
403 Forbidden,Non trouvé,Non trouvé,Non trouvé,Aucun avis,Inconnu,Inconnu,Aucun tag,https://khamsat.com/video-design/video-editing/3036273-%D9%85%D9%88%D9%86%D8%AA%D8%A7%D8%AC-%D9%85%D9%82%D8%A7%D8%B7%D8%B9-%D8%A7%D9%84%D8%B1%D9%8A%D9%84%D8%B2-%D8%A8%D8%B7%D8%B1%D9%8A%D9%82%D8%A9-%D8%A7%D8%AD%D8%AA%D8%B1%D8%A7%D9%81%D9%8A%D8%A9
403 Forbidden,Non trouvé,Non trouvé,Non trouvé,Aucun avis,Inconnu,Inconnu,Aucun tag,https://khamsat.com/video-design/ai-video-animation/3672071-%D8%A5%D9%86%D8%B4%D8%A7%D8%A1-%D9%81%D9%8A%D8%AF%D9%8A%D9%88%D9%87%D8%A7%D8%AA-%D8%A7%D8%AD%D8%AA%D8%B1%D8%A7%D9%81%D9%8A%D8%A9-%D8%A8%D8%A7%D9%84%D8%B0%D9%83%D8%A7%D8%A1-%D8%A7%D9%84%D8%A7%D8%B5%D8%B7%D9%86%D8%A7%D8%B9%D9%8A-%D8%A8%D8%B5%D9%88%D8%AA-%D9%88%D8%A7%D9%82%D8%B9%D9%8A
403 Forbidden,Non trouvé,Non trouvé,Non trouvé,Aucun avis,Inconnu,Inconnu,Aucun tag,https://khamsat.com/video-design/video-editing/3549126-%D9%85%D9%88%D9%86%D8%AA%D8%A7%D8%AC-%D9%81%D9%8A%D8%AF%D9%8A%D9%88%D9%87%D8%A7%D8%AA-%D8%A3%D9%84%D8%B9%D8%A7%D8%A8-%D9%88%D8%AA%D8%B1%D9%81%D9%8A%D9%87-%D8%A8%D8%AC%D9%88%D8%AF%D8%A9-%D8%B9%D8%A7%D9%84%D9%8A%D8%A9-%D9%88%D8%A8%D8%A3%D8%B3%D8%B9%D8%A7%D8%B1-%D9%85%D9%86%D8%A7%D8%B3%D8%A8%D8%A9
403 Forbidden,Non trouvé,Non trouvé,Non trouvé,Aucun avis,Inconnu,Inconnu,Aucun tag,https://khamsat.com/video-design/short-videos/3717783-%D9%85%D9%88%D9%86%D8%AA%D8%A7%D8%AC-%D9%81%D9%8A%D8%AF%D9%8A%D9%88-%D9%82%D8%B5%D9%8A%D8%B1-%D8%B1%D9%8A%D9%84%D8%B2-%D8%B4%D9%88%D8%B1%D8%AA%D8%B3
403 Forbidden,Non trouvé,Non trouvé,Non trouvé,Aucun avis,Inconnu,Inconnu,Aucun tag,https://khamsat.com/video-design/video-editing/2920676-%D9%85%D9%88%D9%86%D8%AA%D8%A7%D8%AC-%D9%81%D9%8A%D8%AF%D9%8A%D9%88-%D8%A7%D8%AD%D8%AA%D8%B1%D8%A7%D9%81%D9%8A-video-editing
403 Forbidden,Non trouvé,Non trouvé,Non trouvé,Aucun avis,Inconnu,Inconnu,Aucun tag,https://khamsat.com/video-design/ai-video-animation/3498504-%D8%A5%D9%86%D8%B4%D8%A7%D8%A1-%D9%82%D8%B5%D8%B5-%D9%83%D8%B1%D8%AA%D9%88%D9%86%D9%8A%D8%A9-%D8%A8%D8%A7%D9%84%D8%B0%D9%83%D8%A7%D8%A1-%D8%A7%D9%84%D8%A7%D8%B5%D8%B7%D9%86%D8%A7%D8%B9%D9%8A-%D8%A8%D8%B5%D9%88%D8%AA-%D9%88%D8%B5%D9%88%D8%B1%D8%A9-%D8%A7%D8%AD%D8%AA%D8%B1%D8%A7%D9%81%D9%8A%D8%A9
403 Forbidden,Non trouvé,Non trouvé,Non trouvé,Aucun avis,Inconnu,Inconnu,Aucun tag,https://khamsat.com/video-design/video-editing/3483130-%D9%85%D9%88%D9%86%D8%AA%D8%A7%D8%AC-%D9%81%D9%8A%D8%AF%D9%8A%D9%88%D9%87%D8%A7%D8%AA-%D9%82%D8%B5%D9%8A%D8%B1%D8%A9-%D8%AC%D8%B0%D8%A7%D8%A8%D8%A9-%D9%88%D9%85%D8%A4%D8%AB%D8%B1%D8%A9-%D8%A7%D9%86%D8%B3%D8%AA%D8%BA%D8%B1%D8%A7%D9%85-%D8%AA%D9%8A%D9%83-%D8%AA%D9%88%D9%83-%D8%B4%D9%88%D8%B1%D8%AA%D8%B3
403 Forbidden,Non trouvé,Non trouvé,Non trouvé,Aucun avis,Inconnu,Inconnu,Aucun tag,https://khamsat.com/video-design/short-videos/3115888-%D9%85%D9%88%D9%86%D8%AA%D8%A7%D8%AC-%D9%81%D9%8A%D8%AF%D9%8A%D9%88%D9%87%D8%A7%D8%AA-%D9%82%D8%B5%D9%8A%D8%B1%D8%A9-%D9%84%D9%84%D8%AA%D9%8A%D9%83%D8%AA%D9%88%D9%83-%D9%88%D9%8A%D9%88%D8%AA%D9%8A%D9%88%D8%A8-%D9%88%D8%A5%D9%86%D8%B3%D8%AA%D8%AC%D8%B1%D8%A7%D9%85-%D9%88%D9%81%D9%8A%D8%B3%D8%A8%D9%88%D9%83
403 Forbidden,Non trouvé,Non trouvé,Non trouvé,Aucun avis,Inconnu,Inconnu,Aucun tag,https://khamsat.com/video-design/video-editing/3417563-%D9%85%D9%88%D9%86%D8%AA%D8%A7%D8%AC-%D9%84%D9%81%D9%8A%D8%AF%D9%8A%D9%88%D9%87%D8%A7%D8%AA-%D8%B1%D9%8A%D9%84%D8%B2-%D8%A8%D8%A5%D8%AD%D8%AA%D8%B1%D8%A7%D9%81%D9%8A%D8%A9
403 Forbidden,Non trouvé,Non trouvé,Non trouvé,Aucun avis,Inconnu,Inconnu,Aucun tag,https://khamsat.com/video-design/ai-video-animation/3643907-%D8%B9%D9%85%D9%84-%D9%81%D8%AF%D9%8A%D9%88%D9%87%D8%A7%D8%AA-%D8%B0%D9%83%D8%A7%D8%A1-%D8%A7%D8%B5%D8%B7%D9%86%D8%A7%D8%B9%D9%8A-%D9%84%D9%84%D8%A5%D8%B9%D9%84%D8%A7%D9%86-%D8%B9%D9%86-%D9%85%D9%86%D8%AA%D8%AC%D8%A7%D8%AA
403 Forbidden,Non trouvé,Non trouvé,Non trouvé,Aucun avis,Inconnu,Inconnu,Aucun tag,https://khamsat.com/video-design/video-editing/2936810-%D9%85%D9%88%D9%86%D8%AA%D8%A7%D8%AC-%D9%81%D9%8A%D8%AF%D9%8A%D9%88-%D8%AF%D8%B9%D8%A7%D8%A6%D9%8A-%D8%A5%D8%AD%D8%AA%D8%B1%D8%A7%D9%81%D9%8A-%D9%84%D9%85%D8%B4%D8%B1%D9%88%D8%B9%D9%83-%D8%A7%D9%84%D8%AA%D8%AC%D8%A7%D8%B1%D9%8A
403 Forbidden,Non trouvé,Non trouvé,Non trouvé,Aucun avis,Inconnu,Inconnu,Aucun tag,https://khamsat.com/video-design/short-videos/3871113-%D9%85%D9%88%D9%86%D8%AA%D8%A7%D8%AC-video-editor-%D8%AA%D9%8A%D9%83-%D8%AA%D9%88%D9%83-%D9%88%D8%A7%D9%86%D8%B3%D8%AA%D8%AC%D8%B1%D8%A7%D9%85
403 Forbidden,Non trouvé,Non trouvé,Non trouvé,Aucun avis,Inconnu,Inconnu,Aucun tag,https://khamsat.com/video-design/video-editing/3253682-%D9%85%D9%88%D9%86%D8%AA%D8%A7%D8%AC-%D9%85%D8%AA%D9%83%D8%A7%D9%85%D9%84-%D9%84%D9%83%D9%84-%D8%A7%D9%86%D9%88%D8%A7%D8%B9-%D8%A7%D9%84%D9%85%D8%AD%D8%AA%D9%88%D9%8A-%D8%B1%D9%8A%D9%84%D8%B2-%D8%A7%D9%88-%D8%A8%D9%88%D8%AF%D9%83%D8%A7%D8%B3%D8%AA%D8%A7%D9%88%D8%A7%D8%B9%D9%84%D8%A7%D9%86
403 Forbidden,Non trouvé,Non trouvé,Non trouvé,Aucun avis,Inconnu,Inconnu,Aucun tag,https://khamsat.com/video-design/ai-video-animation/3680895-%D8%AA%D8%B5%D9%85%D9%8A%D9%85-%D9%81%D9%8A%D8%AF%D9%8A%D9%88%D9%87%D8%A7%D8%AA-%D9%83%D8%B1%D8%AA%D9%88%D9%86%D9%8A%D8%A9-%D9%88-%D8%B3%D9%88%D8%B4%D9%8A%D8%A7%D9%84-%D9%85%D9%8A%D8%AF%D9%8A%D8%A7-%D9%88%D9%85%D9%88%D8%B4%D9%86-%D8%AC%D8%B1%D8%A7%D9%81%D9%8A%D9%83-%D8%A7%D8%AD%D8%AA%D8%B1%D8%A7%D9%81%D9%8A%D8%A9
403 Forbidden,Non trouvé,Non trouvé,Non trouvé,Aucun avis,Inconnu,Inconnu,Aucun tag,https://khamsat.com/video-design/short-videos/3291899-%D9%85%D9%88%D9%86%D8%AA%D8%A7%D8%AC-%D8%B1%D9%8A%D9%84%D8%B2-%D8%A7%D8%AD%D8%AA%D8%B1%D8%A7%D9%81%D9%8A-%D8%A8%D8%A3%D8%B3%D9%84%D9%88%D8%A8-%D9%85%D8%A8%D8%AA%D9%83%D8%B1
403 Forbidden,Non trouvé,Non trouvé,Non trouvé,Aucun avis,Inconnu,Inconnu,Aucun tag,https://khamsat.com/video-design/video-editing/2998097-%D9%85%D9%88%D9%86%D8%AA%D8%A7%D8%AC-%D9%81%D9%8A%D8%AF%D9%8A%D9%88-%D8%A7%D8%AD%D8%AA%D8%B1%D8%A7%D9%81%D9%8A
403 Forbidden,Non trouvé,Non trouvé,Non trouvé,Aucun avis,Inconnu,Inconnu,Aucun tag,https://khamsat.com/video-design/video-editing/2530505-%D8%AA%D8%B5%D9%85%D9%8A%D9%85-%D8%A7%D9%84%D9%8A%D8%B1%D8%AA%D8%A7%D8%AA-%D8%AA%D9%88%D9%8A%D8%AA%D8%B4
403 Forbidden,Non trouvé,Non trouvé,Non trouvé,Aucun avis,Inconnu,Inconnu,Aucun tag,https://khamsat.com/video-design/ai-video-animation/3627786-%D9%81%D9%8A%D8%AF%D9%8A%D9%88-%D8%AA%D8%B1%D9%88%D9%8A%D8%AC%D9%8A-%D8%A8%D8%A7%D9%84%D8%B0%D9%83%D8%A7%D8%A1-%D8%A7%D9%84%D8%A7%D8%B5%D8%B7%D9%86%D8%A7%D8%B9%D9%8A-%D9%8A%D8%AA%D8%AD%D8%AF%D8%AB-%D8%B9%D9%86-%D8%A7%D8%B9%D9%85%D8%A7%D9%84%D9%83
403 Forbidden,Non trouvé,Non trouvé,Non trouvé,Aucun avis,Inconnu,Inconnu,Aucun tag,https://khamsat.com/video-design/short-videos/3818963-%D9%85%D9%88%D9%86%D8%AA%D8%A7%D8%AC-%D9%85%D8%AA%D9%88%D8%B3%D8%B7-%D9%84%D9%84%D9%81%D9%8A%D8%AF%D9%8A%D9%88%D9%87%D8%A7%D8%AA-%D8%A7%D9%84%D9%82%D8%B5%D9%8A%D8%B1%D8%A9
403 Forbidden,Non trouvé,Non trouvé,Non trouvé,Aucun avis,Inconnu,Inconnu,Aucun tag,https://khamsat.com/video-design/video-editing/3523618-%D9%85%D9%88%D9%86%D8%AA%D8%A7%D8%AC-%D9%81%D9%8A%D8%AF%D9%8A%D9%88-%D8%A8%D8%AC%D9%85%D9%8A%D8%B9-%D8%A7%D9%84%D8%A7%D9%86%D9%88%D8%A7%D8%B9-%D8%B1%D9%8A%D9%84%D8%B2-%D9%88%D9%8A%D9%88%D8%AA%D9%8A%D9%88%D8%A8
403 Forbidden,Non trouvé,Non trouvé,Non trouvé,Aucun avis,Inconnu,Inconnu,Aucun tag,https://khamsat.com/video-design/ai-video-animation/3205398-%D8%AA%D8%B5%D9%85%D9%8A%D9%85-%D9%81%D9%8A%D8%AF%D9%8A%D9%88-%D8%A5%D8%B9%D9%84%D8%A7%D9%86%D9%8A-%D8%A7%D8%AD%D8%AA%D8%B1%D8%A7%D9%81%D9%8A-%D8%A8%D8%A7%D9%84%D8%B0%D9%83%D8%A7%D8%A1-%D8%A7%D9%84%D8%A7%D8%B5%D8%B7%D9%86%D8%A7%D8%B9%D9%8A-%D9%84%D8%A3%D9%8A-%D9%85%D8%AC%D8%A7%D9%84
403 Forbidden,Non trouvé,Non trouvé,Non trouvé,Aucun avis,Inconnu,Inconnu,Aucun tag,https://khamsat.com/video-design/video-editing/2881755-%D9%85%D9%88%D9%86%D8%AA%D8%A7%D8%AC-%D8%A5%D8%AD%D8%AA%D8%B1%D8%A7%D9%81%D9%8A-%D9%84%D8%AC%D9%85%D9%8A%D8%B9-%D8%A3%D9%86%D9%88%D8%A7%D8%B9-%D8%A7%D9%84%D9%81%D9%8A%D8%AF%D9%8A%D9%88%D9%87%D8%A7%D8%AA-%D9%88%D8%A8%D8%AC%D8%AF%D9%88%D8%AF%D8%A9-%D8%B9%D8%A7%D9%84%D9%8A%D8%A9
403 Forbidden,Non trouvé,Non trouvé,Non trouvé,Aucun avis,Inconnu,Inconnu,Aucun tag,https://khamsat.com/video-design/video-editing/2787029-%D9%85%D9%88%D9%86%D8%AA%D8%A7%D8%AC-%D8%A7%D8%AD%D8%AA%D8%B1%D8%A7%D9%81%D9%8A-%D9%84%D8%AC%D9%85%D9%8A%D8%B9-%D8%A3%D9%86%D9%88%D8%A7%D8%B9-%D8%A7%D9%84%D9%81%D9%8A%D8%AF%D9%8A%D9%88%D9%87%D8%A7%D8%AA-%D9%88%D9%82%D9%86%D9%88%D8%A7%D8%AA-%D9%8A%D9%88%D8%AA%D9%8A%D9%88%D8%A8
403 Forbidden,Non trouvé,Non trouvé,Non trouvé,Aucun avis,Inconnu,Inconnu,Aucun tag,https://khamsat.com/video-design/short-videos/3650303-%D8%B9%D9%85%D9%84-%D9%81%D9%8A%D8%AF%D9%8A%D9%88%D9%87%D8%A7%D8%AA-%D8%A8%D8%A7%D9%84veo-3
403 Forbidden,Non trouvé,Non trouvé,Non trouvé,Aucun avis,Inconnu,Inconnu,Aucun tag,https://khamsat.com/video-design/video-editing/3697003-%D8%AA%D8%B5%D9%85%D9%8A%D9%85-%D9%81%D9%8A%D8%AF%D9%8A%D9%88%D9%87%D8%A7%D8%AA-%D9%83%D8%B1%D9%88%D9%8A%D8%A9-%D8%AA%D8%AD%D9%84%D9%8A%D9%84%D9%8A%D8%A9-%D9%85%D8%AA%D9%83%D8%A7%D9%85%D9%84%D8%A9-%D8%AA%D8%AD%D8%AF%D9%8A%D8%AF-%D9%84%D8%A7%D8%B9%D8%A8%D9%8A%D9%86-%D8%A3%D8%B3%D9%85%D8%A7%D8%A1
403 Forbidden,Non trouvé,Non trouvé,Non trouvé,Aucun avis,Inconnu,Inconnu,Aucun tag,https://khamsat.com/video-design/ai-video-animation/3475769-%D8%AA%D8%AD%D9%88%D9%8A%D9%84-%D8%A7%D9%84%D8%B5%D9%88%D8%B1%D8%A9-%D8%A7%D9%84%D8%AB%D8%A7%D8%A8%D8%AA%D8%A9-%D8%A5%D9%84%D9%89-%D9%81%D9%8A%D8%AF%D9%8A%D9%88-%D8%A8%D8%A7%D9%84%D8%B0%D9%83%D8%A7%D8%A1-%D8%A7%D9%84%D8%A7%D8%B5%D8%B7%D9%86%D8%A7%D8%B9%D9%8A
403 Forbidden,Non trouvé,Non trouvé,Non trouvé,Aucun avis,Inconnu,Inconnu,Aucun tag,https://khamsat.com/video-design/video-editing/3062860-%D9%85%D9%88%D9%86%D8%AA%D8%A7%D8%AC-%D9%84%D9%81%D9%8A%D8%AF%D9%8A%D9%88%D9%87%D8%A7%D8%AA-%D9%88-%D8%A7%D9%84%D8%B1%D9%8A%D9%84%D8%B2-%D9%85%D8%AD%D8%AA%D9%88%D9%8A-%D8%A7%D9%84%D8%B9%D8%A7%D8%A8-%D8%A7%D9%88-%D8%A7%D9%8A-%D9%85%D8%AD%D8%AA%D9%88%D9%8A-%D8%AA%D8%B1%D9%8A%D8%AF%D9%87
403 Forbidden,Non trouvé,Non trouvé,Non trouvé,Aucun avis,Inconnu,Inconnu,Aucun tag,https://khamsat.com/video-design/short-videos/3013395-%D9%85%D9%88%D9%86%D8%AA%D8%A7%D8%AC-%D8%B1%D9%8A%D9%84%D8%B2-%D9%85%D9%85%D9%8A%D8%B2-%D9%88%D8%A8%D8%AC%D9%88%D8%AF%D8%A9-%D8%B9%D8%A7%D9%84%D9%8A%D8%A9
403 Forbidden,Non trouvé,Non trouvé,Non trouvé,Aucun avis,Inconnu,Inconnu,Aucun tag,https://khamsat.com/video-design/video-editing/1583720-%D9%85%D9%88%D9%86%D8%AA%D8%A7%D8%AC-%D9%81%D9%8A%D8%AF%D9%8A%D9%88-%D8%A7%D8%AD%D8%AA%D8%B1%D8%A7%D9%81%D9%8A-%D9%88%D8%A8%D8%AC%D9%88%D8%AF%D8%A9-%D8%B9%D8%A7%D9%84%D9%8A%D8%A9
403 Forbidden,Non trouvé,Non trouvé,Non trouvé,Aucun avis,Inconnu,Inconnu,Aucun tag,https://khamsat.com/video-design/ai-video-animation/3300310-%D8%B5%D9%86%D8%A7%D8%B9%D8%A9-%D8%A7%D9%84%D9%81%D9%8A%D8%AF%D9%8A%D9%88-%D8%A8%D8%A5%D8%B3%D8%AA%D8%AE%D8%AF%D8%A7%D9%85-%D8%A7%D9%84%D8%B0%D9%83%D8%A7%D8%A1-%D8%A7%D9%84%D8%A5%D8%B5%D8%B7%D9%86%D8%A7%D8%B9%D9%8A-ai
403 Forbidden,Non trouvé,Non trouvé,Non trouvé,Aucun avis,Inconnu,Inconnu,Aucun tag,https://khamsat.com/video-design/video-editing/3230770-%D9%81%D9%8A%D8%AF%D9%8A%D9%88-%D8%A7%D9%8A%D8%AF%D9%8A%D8%AA%D9%86%D8%AC-%D9%88%D9%85%D9%88%D8%B4%D9%86-%D8%AC%D8%B1%D8%A7%D9%81%D9%8A%D9%83-%D8%AE%D8%A7%D8%B5-%D8%A8%D8%A7%D9%84%D9%85%D9%88%D9%86%D8%AA%D8%A7%D8%AC
403 Forbidden,Non trouvé,Non trouvé,Non trouvé,Aucun avis,Inconnu,Inconnu,Aucun tag,https://khamsat.com/video-design/short-videos/3923903-%D9%85%D9%88%D9%86%D8%AA%D8%A7%D8%AC-%D9%81%D9%8A%D8%AF%D9%8A%D9%88%D9%87%D8%A7%D8%AA-%D8%B1%D9%8A%D9%84%D8%B2-%D8%A7%D8%AD%D8%AA%D8%B1%D8%A7%D9%81%D9%8A
403 Forbidden,Non trouvé,Non trouvé,Non trouvé,Aucun avis,Inconnu,Inconnu,Aucun tag,https://khamsat.com/video-design/ai-video-animation/3423825-%D8%A7%D8%B9%D9%84%D8%A7%D9%86-cgi-%D8%A8%D8%A7%D9%84%D8%B0%D9%83%D8%A7%D8%A1-%D8%A7%D9%84%D8%A7%D8%B5%D8%B7%D9%86%D8%A7%D8%B9%D9%8A
403 Forbidden,Non trouvé,Non trouvé,Non trouvé,Aucun avis,Inconnu,Inconnu,Aucun tag,https://khamsat.com/video-design/video-editing/3395989-%D9%85%D8%AD%D8%B1%D8%B1-%D9%81%D9%8A%D8%AF%D9%8A%D9%88-video-editor
403 Forbidden,Non trouvé,Non trouvé,Non trouvé,Aucun avis,Inconnu,Inconnu,Aucun tag,https://khamsat.com/video-design/video-editing/3319343-%D9%85%D9%88%D9%86%D8%AA%D8%A7%D8%AC-%D9%81%D9%8A%D8%AF%D9%8A%D9%88-%D8%A7%D8%AD%D8%AA%D8%B1%D8%A7%D9%81%D9%8A-%D9%8A%D8%A8%D8%B1%D8%B2-%D9%85%D8%B4%D8%B1%D9%88%D8%B9%D9%83-%D8%A8%D8%A3%D9%81%D8%B6%D9%84-%D8%B5%D9%88%D8%B1%D8%A9-%D8%AF%D9%82%D8%A9-%D8%A5%D8%A8%D8%AF%D8%A7%D8%B9
403 Forbidden,Non trouvé,Non trouvé,Non trouvé,Aucun avis,Inconnu,Inconnu,Aucun tag,https://khamsat.com/video-design/short-videos/3320138-%D9%85%D9%88%D9%86%D8%AA%D8%A7%D8%AC-%D8%B1%D9%8A%D9%84%D8%B2-%D9%88%D9%81%D9%8A%D8%AF%D9%8A%D9%88%D9%87%D8%A7%D8%AA-%D9%8A%D9%88%D8%AA%D9%8A%D9%88%D8%A8-%D8%A8%D8%B7%D8%B1%D9%8A%D9%82%D8%A9-%D9%85%D9%85%D9%8A%D8%B2%D8%A9
403 Forbidden,Non trouvé,Non trouvé,Non trouvé,Aucun avis,Inconnu,Inconnu,Aucun tag,https://khamsat.com/video-design/video-editing/3159885-%D8%B9%D9%85%D9%84-%D9%84%D9%8A%D8%B1%D9%83%D8%B3-%D9%81%D9%8A%D8%AF%D9%8A%D9%88-%D9%88-%D9%85%D9%88%D9%86%D8%AA%D8%A7%D8%AC-%D8%A7%D8%AD%D8%AA%D8%B1%D8%A7%D9%81%D9%8A
403 Forbidden,Non trouvé,Non trouvé,Non trouvé,Aucun avis,Inconnu,Inconnu,Aucun tag,https://khamsat.com/video-design/ai-video-animation/3475434-%D8%A5%D9%86%D8%B4%D8%A7%D8%A1-%D9%81%D9%8A%D8%AF%D9%8A%D9%88-%D8%A3%D9%81%D8%A7%D8%AA%D8%A7%D8%B1-%D8%A8%D8%A7%D9%84%D8%B0%D9%83%D8%A7%D8%A1-%D8%A7%D9%84%D8%A7%D8%B5%D8%B7%D9%86%D8%A7%D8%B9%D9%8A
403 Forbidden,Non trouvé,Non trouvé,Non trouvé,Aucun avis,Inconnu,Inconnu,Aucun tag,https://khamsat.com/video-design/video-editing/2268029-%D9%85%D9%88%D9%86%D8%AA%D8%A7%D8%AC-%D9%81%D9%8A%D8%AF%D9%8A%D9%88-%D8%A5%D8%AD%D8%AA%D8%B1%D8%A7%D9%81%D9%8A-montage-vido
403 Forbidden,Non trouvé,Non trouvé,Non trouvé,Aucun avis,Inconnu,Inconnu,Aucun tag,https://khamsat.com/video-design/short-videos/3755019-%D9%85%D9%88%D9%86%D8%AA%D8%A7%D8%AC-%D9%81%D9%8A%D8%AF%D9%8A%D9%88%D9%87%D8%A7%D8%AA-%D8%B1%D9%8A%D9%84%D8%B2-%D8%A5%D8%AD%D8%AA%D8%B1%D8%A7%D9%81%D9%8A%D8%A9-%D9%88-%D8%A8%D8%AC%D9%88%D8%AF%D8%A9-%D8%B9%D8%A7%D9%84%D9%8A%D8%A9
403 Forbidden,Non trouvé,Non trouvé,Non trouvé,Aucun avis,Inconnu,Inconnu,Aucun tag,https://khamsat.com/video-design/video-editing/3041421-%D9%85%D9%88%D9%86%D8%AA%D8%A7%D8%AC-%D9%81%D9%8A%D8%AF%D9%8A%D9%88-%D8%A7%D8%AD%D8%AA%D8%B1%D8%A7%D9%81%D9%8A-%D8%A8%D8%AF%D9%82%D8%A9-%D8%B9%D8%A7%D9%84%D9%8A%D8%A9
403 Forbidden,Non trouvé,Non trouvé,Non trouvé,Aucun avis,Inconnu,Inconnu,Aucun tag,https://khamsat.com/video-design/ai-video-animation/3419585-%D8%AA%D8%B5%D9%85%D9%8A%D9%85-%D9%81%D9%8A%D8%AF%D9%8A%D9%88%D9%87%D8%A7%D8%AA-%D8%A8%D8%A3%D9%81%D9%83%D8%A7%D8%B1-%D9%85%D9%85%D9%8A%D8%B2%D8%A9-%D8%A8%D8%A7%D9%84%D8%B0%D9%83%D8%A7%D8%A1-%D8%A7%D9%84%D8%A7%D8%B5%D8%B7%D9%86%D8%A7%D8%B9%D9%8A
403 Forbidden,Non trouvé,Non trouvé,Non trouvé,Aucun avis,Inconnu,Inconnu,Aucun tag,https://khamsat.com/video-design/short-videos/3164166-%D9%85%D9%88%D9%86%D8%AA%D8%A7%D8%AC-%D9%81%D9%8A%D8%AF%D9%8A%D9%88-%D8%B1%D9%8A%D9%84%D8%B2-%D8%A7%D9%88-%D8%B4%D9%88%D8%B1%D8%AA-%D8%A8%D8%A7%D8%AD%D8%AA%D8%B1%D8%A7%D9%81%D9%8A%D8%A9
403 Forbidden,Non trouvé,Non trouvé,Non trouvé,Aucun avis,Inconnu,Inconnu,Aucun tag,https://khamsat.com/video-design/video-editing/2802562-%D9%85%D9%88%D9%86%D8%AA%D8%A7%D8%AC-%D9%84%D8%AC%D9%85%D9%8A%D8%B9-%D8%A7%D9%86%D9%88%D8%A7%D8%B9-%D8%A7%D9%84%D9%81%D9%8A%D8%AF%D9%8A%D9%88%D9%87%D8%A7%D8%AA
403 Forbidden,Non trouvé,Non trouvé,Non trouvé,Aucun avis,Inconnu,Inconnu,Aucun tag,https://khamsat.com/video-design/video-editing/2246751-%D9%85%D9%88%D9%86%D8%AA%D8%A7%D8%AC-%D8%A7%D9%84%D8%AA%D9%84%D8%A7%D9%88%D8%A7%D8%AA-%D8%A7%D9%84%D9%82%D8%B1%D8%A2%D9%86%D9%8A%D8%A9-%D9%85%D8%B9-%D9%83%D8%AA%D8%A7%D8%A8%D8%A9-%D8%A7%D9%84%D8%A2%D9%8A%D8%A7%D8%AA-%D8%A8%D8%A7%D8%B9%D9%84%D9%8A-%D8%AC%D9%88%D8%AF%D8%A9
403 Forbidden,Non trouvé,Non trouvé,Non trouvé,Aucun avis,Inconnu,Inconnu,Aucun tag,https://khamsat.com/video-design/ai-video-animation/3237303-%D8%AA%D8%B5%D9%85%D9%8A%D9%85-%D9%81%D9%8A%D8%AF%D9%8A%D9%88-%D8%A8%D8%A7%D9%84%D8%B0%D9%83%D8%A7%D8%A1-%D8%A7%D9%84%D8%A7%D8%B5%D8%B7%D9%86%D8%A7%D8%B9%D9%8A-%D8%B9%D8%A7%D9%84%D9%8A-%D8%A7%D9%84%D8%AC%D9%88%D8%AF%D8%A9-ai-video
403 Forbidden,Non trouvé,Non trouvé,Non trouvé,Aucun avis,Inconnu,Inconnu,Aucun tag,https://khamsat.com/video-design/video-editing/3050549-%D8%AE%D8%AF%D9%85%D8%A9-%D9%85%D9%86%D8%AA%D8%A7%D8%AC-%D8%A7%D8%AD%D8%AA%D8%B1%D8%A7%D9%81%D9%8A%D8%A9-%D8%AE%D9%84%D9%8A-%D9%81%D9%8A%D8%AF%D9%8A%D9%88%D9%87%D8%A7%D8%AA%D9%83-%D8%AA%D8%AA%D9%83%D9%84%D9%85-%D8%A8%D8%A5%D8%A8%D8%AF%D8%A7%D8%B9
403 Forbidden,Non trouvé,Non trouvé,Non trouvé,Aucun avis,Inconnu,Inconnu,Aucun tag,https://khamsat.com/video-design/short-videos/3061331-%D9%85%D9%88%D9%86%D8%AA%D8%A7%D8%AC-%D8%B1%D9%8A%D9%84%D8%B2-%D8%A7%D9%86%D8%B3%D8%AA%D9%82%D8%B1%D8%A7%D9%85-%D9%88%D8%AA%D9%8A%D9%83-%D8%AA%D9%88%D9%83
403 Forbidden,Non trouvé,Non trouvé,Non trouvé,Aucun avis,Inconnu,Inconnu,Aucun tag,https://khamsat.com/video-design/video-editing/3802083-%D9%85%D9%86%D8%AA%D8%A7%D8%AC-%D8%A7%D8%AD%D8%AA%D8%B1%D8%A7%D9%81%D9%8A-%D9%84%D8%A3%D9%8A-%D9%86%D9%88%D8%B9-%D9%85%D9%86-%D8%A7%D9%84%D9%81%D9%8A%D8%AF%D9%8A%D9%88%D9%87%D8%A7%D8%AA-%D9%8A%D9%88%D8%AA%D9%8A%D9%88%D8%A8-%D8%A5%D8%B9%D9%84%D8%A7%D9%86%D8%A7%D8%AA-%D8%B3%D9%88%D8%B4%D9%8A%D8%A7%D9%84
403 Forbidden,Non trouvé,Non trouvé,Non trouvé,Aucun avis,Inconnu,Inconnu,Aucun tag,https://khamsat.com/video-design/ai-video-animation/3540737-%D8%B3%D8%A3%D8%B5%D9%86%D8%B9-%D9%84%D9%83-%D9%81%D9%8A%D8%AF%D9%8A%D9%88-%D8%A7%D8%AD%D8%AA%D8%B1%D8%A7%D9%81%D9%8A-%D8%A8%D8%A7%D9%84%D8%B0%D9%83%D8%A7%D8%A1-%D8%A7%D9%84%D8%A7%D8%B5%D8%B7%D9%86%D8%A7%D8%B9%D9%8A-%D8%AD%D8%B3%D8%A8-%D9%81%D9%83%D8%B1%D8%AA%D9%83
403 Forbidden,Non trouvé,Non trouvé,Non trouvé,Aucun avis,Inconnu,Inconnu,Aucun tag,https://khamsat.com/video-design/video-editing/2319665-%D8%AA%D8%AD%D8%B1%D9%8A%D8%B1-%D9%88-%D9%85%D9%88%D9%86%D8%AA%D8%A7%D8%AC-%D9%81%D9%8A%D8%AF%D9%8A%D9%88%D9%87%D8%A7%D8%AA-%D8%A5%D8%AD%D8%AA%D8%B1%D8%A7%D9%81%D9%8A
403 Forbidden,Non trouvé,Non trouvé,Non trouvé,Aucun avis,Inconnu,Inconnu,Aucun tag,https://khamsat.com/video-design/short-videos/3930812-%D8%AA%D8%B5%D9%85%D9%8A%D9%85-%D9%81%D9%8A%D8%AF%D9%8A%D9%88-%D8%A5%D8%B9%D9%84%D8%A7%D9%86%D9%8A-%D9%85%D9%85%D9%8A%D8%B2-%D8%A8%D8%A3%D8%B3%D9%84%D9%88%D8%A8-%D8%A7%D8%AD%D8%AA%D8%B1%D8%A7%D9%81%D9%8A
403 Forbidden,Non trouvé,Non trouvé,Non trouvé,Aucun avis,Inconnu,Inconnu,Aucun tag,https://khamsat.com/video-design/ai-video-animation/3271604-%D8%AA%D8%B5%D9%85%D9%8A%D9%85-%D9%81%D9%8A%D8%AF%D9%8A%D9%88-%D8%A8%D8%A7%D9%84%D8%B0%D9%83%D8%A7%D8%A1-%D8%A7%D9%84%D8%A7%D8%B5%D8%B7%D9%86%D8%A7%D8%B9%D9%89-%D8%A8%D8%AC%D9%88%D8%AF%D8%A9-%D8%B9%D8%A7%D9%84%D9%8A%D8%A9-%D9%88%D8%A8%D8%A5%D8%AD%D8%AA%D8%B1%D8%A7%D9%81%D9%8A%D8%A9
403 Forbidden,Non trouvé,Non trouvé,Non trouvé,Aucun avis,Inconnu,Inconnu,Aucun tag,https://khamsat.com/video-design/video-editing/2927147-%D8%B9%D9%85%D9%84-%D9%85%D9%88%D9%86%D8%AA%D8%A7%D8%AC-%D8%A7%D8%AD%D8%AA%D8%B1%D8%A7%D9%81%D9%8A-%D9%84%D9%84%D9%81%D9%8A%D8%AF%D9%8A%D9%88%D9%87%D8%A7%D8%AA-%D8%AD%D8%B3%D8%A8-%D8%B7%D9%84%D8%A8
403 Forbidden,Non trouvé,Non trouvé,Non trouvé,Aucun avis,Inconnu,Inconnu,Aucun tag,https://khamsat.com/video-design/video-editing/2699228-%D8%A7%D8%B6%D8%A7%D9%81%D8%A9-%D9%85%D8%A4%D8%AB%D8%B1%D8%A7%D8%AA-%D8%A8%D8%B5%D8%B1%D9%8A%D8%A9-vfx-cgi
403 Forbidden,Non trouvé,Non trouvé,Non trouvé,Aucun avis,Inconnu,Inconnu,Aucun tag,https://khamsat.com/video-design/short-videos/3641006-%D8%A5%D9%86%D8%B4%D8%A7%D8%A1-%D9%81%D9%8A%D8%AF%D9%8A%D9%88%D9%87%D8%A7%D8%AA-%D9%82%D8%B5%D9%8A%D8%B1%D8%A9-%D8%A7%D8%AD%D8%AA%D8%B1%D8%A7%D9%81%D9%8A%D8%A9-%D8%B1%D9%8A%D9%84%D8%B2-%D8%AA%D9%8A%D9%83-%D8%AA%D9%88%D9%83-%D8%B4%D9%88%D8%B1%D8%AA%D8%B3-%D8%A8%D8%AC%D9%88%D8%AF%D8%A9
403 Forbidden,Non trouvé,Non trouvé,Non trouvé,Aucun avis,Inconnu,Inconnu,Aucun tag,https://khamsat.com/video-design/ai-video-animation/3436676-%D8%B5%D9%86%D8%B9-%D9%81%D9%8A%D8%AF%D9%8A%D9%88%D9%87%D8%A7%D8%AA-%D9%82%D8%B5%D9%8A%D8%B1%D8%A9-%D8%A8%D8%A7%D9%84%D9%84%D8%BA%D8%A9-%D8%A7%D9%84%D8%A5%D9%86%D8%AC%D9%84%D9%8A%D8%B2%D9%8A%D8%A9-%D8%A8%D8%A7%D8%B3%D8%AA%D8%AE%D8%AF%D8%A7%D9%85-%D8%A7%D9%84ai
403 Forbidden,Non trouvé,Non trouvé,Non trouvé,Aucun avis,Inconnu,Inconnu,Aucun tag,https://khamsat.com/video-design/video-editing/2794215-%D9%85%D9%88%D9%86%D8%AA%D8%A7%D8%AC-%D9%81%D9%8A%D8%AF%D9%8A%D9%88-%D8%A7%D8%AD%D8%AA%D8%B1%D8%A7%D9%81%D9%8A
403 Forbidden,Non trouvé,Non trouvé,Non trouvé,Aucun avis,Inconnu,Inconnu,Aucun tag,https://khamsat.com/video-design/short-videos/3116824-%D9%85%D9%88%D9%86%D8%AA%D8%A7%D8%AC-%D9%81%D9%8A%D8%AF%D9%8A%D9%88%D9%87%D8%A7%D8%AA-%D8%B1%D9%8A%D9%84%D8%B2-%D8%A8%D8%B7%D8%B1%D9%8A%D9%82%D8%A9-%D8%A7%D8%AD%D8%AA%D8%B1%D8%A7%D9%81%D9%8A%D8%A9
403 Forbidden,Non trouvé,Non trouvé,Non trouvé,Aucun avis,Inconnu,Inconnu,Aucun tag,https://khamsat.com/video-design/video-editing/2865409-%D8%A7%D9%86%D8%AA%D8%A7%D8%AC-%D9%81%D9%8A%D8%AF%D9%8A%D9%88%D9%87%D8%A7%D8%AA-%D9%88%D9%82%D8%B5%D8%B5-%D8%B1%D9%88%D8%A8%D9%84%D9%88%D9%83%D8%B3-roblox-%D8%A7%D8%AD%D8%AA%D8%B1%D8%A7%D9%81%D9%8A%D8%A9
403 Forbidden,Non trouvé,Non trouvé,Non trouvé,Aucun avis,Inconnu,Inconnu,Aucun tag,https://khamsat.com/video-design/video-editing/2572916-%D9%85%D9%88%D9%86%D8%AA%D8%A7%D8%AC-%D9%85%D9%82%D8%A7%D8%B7%D8%B9-%D9%81%D9%8A%D8%AF%D9%8A%D9%88-%D8%A7%D8%AD%D8%AA%D8%B1%D8%A7%D9%81%D9%8A%D8%A9-%D9%88-%D8%B9%D8%A7%D9%84%D9%8A%D8%A9-%D8%A7%D9%84%D8%AC%D9%88%D8%AF%D8%A9
403 Forbidden,Non trouvé,Non trouvé,Non trouvé,Aucun avis,Inconnu,Inconnu,Aucun tag,https://khamsat.com/video-design/ai-video-animation/3392296-%D8%AA%D8%B5%D9%85%D9%8A%D9%85-%D9%81%D9%8A%D8%AF%D9%8A%D9%88%D9%87%D8%A7%D8%AA-%D8%A7%D8%AD%D8%AA%D8%B1%D8%A7%D9%81%D9%8A%D8%A9-%D8%A8%D8%A7%D9%84%D8%B0%D9%83%D8%A7%D8%A1-%D8%A7%D9%84%D8%A7%D8%B5%D8%B7%D9%86%D8%A7%D8%B9%D9%8A-%D8%A8%D8%AC%D9%88%D8%AF%D8%A9-%D8%B9%D8%A7%D9%84%D9%8A%D8%A9
403 Forbidden,Non trouvé,Non trouvé,Non trouvé,Aucun avis,Inconnu,Inconnu,Aucun tag,https://khamsat.com/video-design/video-editing/3102609-%D9%85%D9%88%D9%86%D8%AA%D8%A7-%D9%81%D9%8A%D8%AF%D9%8A%D9%88-%D8%A5%D8%AD%D8%AA%D8%B1%D8%A7%D9%81%D9%8A-%D8%A8%D8%AC%D9%88%D8%AF%D8%A9-%D8%B9%D8%A7%D9%84%D9%8A%D8%A9-%D9%88%D8%A5%D8%A8%D8%AF%D8%A7%D8%B9-%D9%81%D8%B1%D9%8A%D8%AF
403 Forbidden,Non trouvé,Non trouvé,Non trouvé,Aucun avis,Inconnu,Inconnu,Aucun tag,https://khamsat.com/video-design/short-videos/2990793-%D9%85%D9%88%D9%86%D8%AA%D8%A7%D8%AC-%D8%A7%D8%AD%D8%AA%D8%B1%D8%A7%D9%81%D9%8A-%D9%84%D9%81%D9%8A%D8%AF%D9%8A%D9%88%D9%87%D8%A7%D8%AA-%D8%A7%D9%84%D8%B1%D9%8A%D9%84%D8%B2
403 Forbidden,Non trouvé,Non trouvé,Non trouvé,Aucun avis,Inconnu,Inconnu,Aucun tag,https://khamsat.com/video-design/video-editing/3039783-%D9%85%D9%88%D9%86%D8%AA%D8%A7%D8%AC-%D8%A7%D8%AD%D8%AA%D8%B1%D8%A7%D9%81%D9%8A-%D9%84%D8%AC%D9%85%D9%8A%D8%B9-%D8%A3%D9%86%D9%88%D8%A7%D8%B9-%D8%A7%D9%84%D9%81%D9%8A%D8%AF%D9%8A%D9%88%D9%87%D8%A7%D8%AA
403 Forbidden,Non trouvé,Non trouvé,Non trouvé,Aucun avis,Inconnu,Inconnu,Aucun tag,https://khamsat.com/video-design/ai-video-animation/3228943-%D9%85%D8%B5%D9%85%D9%85-%D9%81%D9%8A%D8%AF%D9%8A%D9%88%D9%87%D8%A7%D8%AA-%D8%A7%D8%AD%D8%AA%D8%B1%D8%A7%D9%81%D9%8A%D8%A9-%D8%A8%D8%A7%D9%84%D8%B0%D9%83%D8%A7%D8%A1-%D8%A7%D9%84%D8%A7%D8%B5%D8%B7%D9%86%D8%A7%D8%B9%D9%8A
403 Forbidden,Non trouvé,Non trouvé,Non trouvé,Aucun avis,Inconnu,Inconnu,Aucun tag,https://khamsat.com/video-design/short-videos/3856945-%D9%81%D8%AF%D9%8A%D9%88%D9%87%D8%A7%D8%AA-%D8%B4%D9%88%D8%B1%D8%AA-%D9%84%D9%83%D9%84-%D9%85%D9%86%D8%B5%D8%A7%D8%AA-%D8%A7%D9%84%D8%B3%D9%88%D8%B4%D9%8A%D8%A7%D9%84-%D9%85%D9%8A%D8%AF%D9%8A%D8%A7
403 Forbidden,Non trouvé,Non trouvé,Non trouvé,Aucun avis,Inconnu,Inconnu,Aucun tag,https://khamsat.com/video-design/video-editing/1648432-%D9%85%D9%88%D9%86%D8%AA%D8%A7%D8%AC-%D9%81%D9%8A%D8%AF%D9%8A%D9%88-%D8%A8%D8%B7%D8%B1%D9%8A%D9%82%D8%A9-%D8%A7%D8%AD%D8%AA%D8%B1%D8%A7%D9%81%D9%8A%D8%A9
403 Forbidden,Non trouvé,Non trouvé,Non trouvé,Aucun avis,Inconnu,Inconnu,Aucun tag,https://khamsat.com/video-design/video-editing/2744736-%D9%85%D9%88%D9%86%D8%AA%D8%A7%D8%AC-%D8%A7%D8%AD%D8%AA%D8%B1%D8%A7%D9%81%D9%8A-%D9%84%D8%AC%D9%85%D9%8A%D8%B9-%D8%A7%D9%86%D9%88%D8%A7%D8%B9-%D8%A7%D9%84%D9%81%D9%8A%D8%AF%D9%8A%D9%88%D9%87%D8%A7%D8%AA-video-editing
403 Forbidden,Non trouvé,Non trouvé,Non trouvé,Aucun avis,Inconnu,Inconnu,Aucun tag,https://khamsat.com/video-design/ai-video-animation/3623563-%D8%B3%D8%A3%D8%B5%D9%86%D8%B9-%D9%84%D9%83-%D9%81%D9%8A%D8%AF%D9%8A%D9%88-%D9%85%D8%AE%D8%B5%D8%B5-%D8%A8%D8%A7%D9%84%D8%B0%D9%83%D8%A7%D8%A1-%D8%A7%D9%84%D8%A7%D8%B5%D8%B7%D9%86%D8%A7%D8%B9%D9%8A-%D8%AD%D8%B3%D8%A8-%D9%88%D8%B5%D9%81%D9%83-%D8%A8%D8%AF%D9%82%D8%A9-veo3
403 Forbidden,Non trouvé,Non trouvé,Non trouvé,Aucun avis,Inconnu,Inconnu,Aucun tag,https://khamsat.com/video-design/video-editing/1945256-%D8%AA%D8%B5%D9%85%D9%8A%D9%85-%D8%B9%D8%B1%D8%B6-%D9%81%D9%8A%D8%AF%D9%8A%D9%88-%D9%82%D8%B1%D8%A2%D9%86-%D8%A7%D8%AD%D8%AA%D8%B1%D8%A7%D9%81%D9%8A
403 Forbidden,Non trouvé,Non trouvé,Non trouvé,Aucun avis,Inconnu,Inconnu,Aucun tag,https://khamsat.com/video-design/short-videos/3397138-%D8%AA%D8%AD%D8%B1%D9%8A%D8%B1-%D9%81%D9%8A%D8%AF%D9%8A%D9%88%D9%87%D8%A7%D8%AA-%D9%82%D8%B5%D9%8A%D8%B1%D8%A9-youtube-shorts-reels-tiktoks
403 Forbidden,Non trouvé,Non trouvé,Non trouvé,Aucun avis,Inconnu,Inconnu,Aucun tag,https://khamsat.com/video-design/video-editing/3047886-%D9%85%D9%88%D9%86%D8%AA%D8%A7%D8%AC-%D9%81%D9%8A%D8%AF%D9%8A%D9%88-%D8%A7%D8%AD%D8%AA%D8%B1%D8%A7%D9%81%D9%8A-%D9%84%D9%85%D8%AD%D8%AA%D9%88%D9%89-%D8%A5%D8%B3%D9%84%D8%A7%D9%85%D9%8A-%D8%A3%D9%88-%D8%AA%D8%B9%D9%84%D9%8A%D9%85%D9%8A-%D8%A3%D9%88-%D8%AB%D9%82%D8%A7%D9%81%D9%8A
403 Forbidden,Non trouvé,Non trouvé,Non trouvé,Aucun avis,Inconnu,Inconnu,Aucun tag,https://khamsat.com/video-design/ai-video-animation/3285745-%D9%81%D9%8A%D8%AF%D9%8A%D9%88-%D8%A5%D8%B9%D9%84%D8%A7%D9%86%D9%8A-%D9%85%D8%AA%D9%83%D8%A7%D9%85%D9%84-%D8%A8%D8%AE%D8%A8%D8%B1%D8%A9-%D8%A5%D8%A8%D8%AF%D8%A7%D8%B9%D9%8A%D8%A9-%D9%88%D8%AA%D9%82%D9%86%D9%8A%D8%A7%D8%AA-%D8%B0%D9%83%D8%A7%D8%A1-%D8%A7%D8%B5%D8%B7%D9%86%D8%A7%D8%B9%D9%8A-%D9%85%D8%AA%D9%82%D8%AF%D9%85
403 Forbidden,Non trouvé,Non trouvé,Non trouvé,Aucun avis,Inconnu,Inconnu,Aucun tag,https://khamsat.com/video-design/video-editing/1748045-%D8%AA%D8%B5%D9%85%D9%8A%D9%85-%D9%88%D9%85%D9%88%D9%86%D8%AA%D8%A7%D8%AC-%D9%81%D9%8A%D8%AF%D9%8A%D9%88-%D8%B4%D9%8A%D9%82-%D9%88%D8%A7%D8%AD%D8%AA%D8%B1%D8%A7%D9%81%D9%8A
403 Forbidden,Non trouvé,Non trouvé,Non trouvé,Aucun avis,Inconnu,Inconnu,Aucun tag,https://khamsat.com/video-design/short-videos/3765544-%D9%85%D9%88%D9%86%D8%AA%D8%A7%D8%AC-%D8%A7%D8%AD%D8%AA%D8%B1%D8%A7%D9%81%D9%8A-%D9%84%D9%83%D9%84-%D8%A3%D9%86%D9%88%D8%A7%D8%B9-%D8%A7%D9%84%D8%B1%D9%8A%D9%84%D8%B2-%D8%AA%D8%B9%D8%AF%D9%8A%D9%84-%D8%A5%D8%A8%D8%AF%D8%A7%D8%B9%D9%8A-%D9%88%D9%85%D8%A4%D8%AB%D8%B1%D8%A7%D8%AA-%D8%AC%D8%B0%D8%A7%D8%A8%D8%A9
403 Forbidden,Non trouvé,Non trouvé,Non trouvé,Aucun avis,Inconnu,Inconnu,Aucun tag,https://khamsat.com/video-design/video-editing/3051687-%D9%85%D9%88%D9%86%D8%AA%D8%A7%D8%AC-%D8%A7%D8%AD%D8%AA%D8%B1%D8%A7%D9%81%D9%8A-%D9%84%D9%84%D9%81%D9%8A%D8%AF%D9%8A%D9%88%D9%87%D8%A7%D8%AA-%D8%A8%D8%AC%D9%88%D8%AF%D8%A9-%D8%B9%D8%A7%D9%84%D9%8A%D8%A9-%D9%88%D9%85%D8%A4%D8%AB%D8%B1%D8%A7%D8%AA-%D8%A8%D8%B5%D8%B1%D9%8A%D8%A9-%D9%85%D8%AA%D9%82%D9%86%D8%A9
403 Forbidden,Non trouvé,Non trouvé,Non trouvé,Aucun avis,Inconnu,Inconnu,Aucun tag,https://khamsat.com/video-design/ai-video-animation/2906531-%D8%B5%D9%86%D8%A7%D8%B9%D8%A9-%D9%81%D9%8A%D8%AF%D9%8A%D9%88-%D8%A8%D8%A7%D8%B3%D8%AA%D8%AE%D8%AF%D8%A7%D9%85-%D8%A7%D9%84%D8%B0%D9%83%D8%A7%D8%A1-%D8%A7%D9%84%D8%A7%D8%B5%D8%B7%D9%86%D8%A7%D8%B9%D9%8A
403 Forbidden,Non trouvé,Non trouvé,Non trouvé,Aucun avis,Inconnu,Inconnu,Aucun tag,https://khamsat.com/video-design/short-videos/3815184-%D8%B5%D9%86%D8%A7%D8%B9%D8%A9-%D8%B1%D9%8A%D9%84%D8%B2-%D8%A7%D8%AD%D8%AA%D8%B1%D8%A7%D9%81%D9%8A%D8%A9-%D8%A8%D8%A3%D8%B3%D9%84%D9%88%D8%A8-%D8%A5%D8%A8%D8%AF%D8%A7%D8%B9%D9%8A-%D9%8A%D8%AC%D8%B0%D8%A8-%D8%A7%D9%84%D9%85%D8%AA%D8%A7%D8%A8%D8%B9%D9%8A%D9%86
403 Forbidden,Non trouvé,Non trouvé,Non trouvé,Aucun avis,Inconnu,Inconnu,Aucun tag,https://khamsat.com/video-design/video-editing/1556385-%D9%85%D9%88%D9%86%D8%AA%D8%A7%D8%AC-%D9%81%D9%8A%D8%AF%D9%8A%D9%88-%D8%A7%D8%AD%D8%AA%D8%B1%D8%A7%D9%81%D9%8A-%D8%AC%D9%86%D9%88%D9%86%D9%8A
403 Forbidden,Non trouvé,Non trouvé,Non trouvé,Aucun avis,Inconnu,Inconnu,Aucun tag,https://khamsat.com/video-design/video-editing/3587536-%D9%85%D9%88%D9%86%D8%AA%D8%A7%D8%AC-%D9%81%D9%8A%D8%AF%D9%8A%D9%88%D9%87%D8%A7%D8%AA-%D8%B1%D9%8A%D9%84%D8%B2-%D8%A7%D8%AD%D8%AA%D8%B1%D8%A7%D9%81%D9%8A
403 Forbidden,Non trouvé,Non trouvé,Non trouvé,Aucun avis,Inconnu,Inconnu,Aucun tag,https://khamsat.com/video-design/ai-video-animation/3084140-%D8%A7%D9%86%D8%B4%D8%A7%D8%A1-%D9%81%D9%8A%D8%AF%D9%8A%D9%88%D9%87%D8%A7%D8%AA-%D8%A8%D8%A7%D9%84%D8%B0%D9%83%D8%A7%D8%A1-%D8%A7%D9%84%D8%A7%D8%B5%D8%B7%D9%86%D8%A7%D8%B9%D9%8A
403 Forbidden,Non trouvé,Non trouvé,Non trouvé,Aucun avis,Inconnu,Inconnu,Aucun tag,https://khamsat.com/video-design/video-editing/827794-%D9%85%D9%88%D9%86%D8%AA%D8%A7%D8%AC-%D8%A7%D9%84%D9%81%D9%8A%D8%AF%D9%8A%D9%88%D9%87%D8%A7%D8%AA-%D8%A8%D8%A7%D8%AD%D8%AA%D8%B1%D8%A7%D9%81%D9%8A%D8%A9-3-%D8%AF%D9%82%D8%A7%D8%A6%D9%82
403 Forbidden,Non trouvé,Non trouvé,Non trouvé,Aucun avis,Inconnu,Inconnu,Aucun tag,https://khamsat.com/video-design/short-videos/3040320-%D8%AA%D8%B5%D9%85%D9%8A%D9%85-%D9%88%D9%85%D9%88%D9%86%D8%AA%D8%A7%D8%AC-%D8%B1%D9%8A%D9%84%D8%B2-%D9%81%D9%8A%D8%AF%D9%8A%D9%88-%D8%A8%D8%A3%D8%AD%D8%AA%D8%B1%D8%A7%D9%81%D9%8A%D8%A9
403 Forbidden,Non trouvé,Non trouvé,Non trouvé,Aucun avis,Inconnu,Inconnu,Aucun tag,https://khamsat.com/video-design/video-editing/2181273-%D8%AA%D8%B5%D9%85%D9%8A%D9%85-%D8%A3%D9%88-%D9%85%D9%88%D9%86%D8%AA%D8%A7%D8%AC-%D9%81%D9%8A%D8%AF%D9%8A%D9%88-%D8%AF%D8%B9%D8%A7%D8%A6%D9%8A-%D8%A7%D8%AD%D8%AA%D8%B1%D8%A7%D9%81%D9%8A
403 Forbidden,Non trouvé,Non trouvé,Non trouvé,Aucun avis,Inconnu,Inconnu,Aucun tag,https://khamsat.com/video-design/ai-video-animation/3389367-%D8%A5%D9%86%D8%B4%D8%A7%D8%A1-%D9%81%D9%8A%D8%AF%D9%8A%D9%88%D9%87%D8%A7%D8%AA-%D8%A3%D9%86%D9%8A%D9%85%D9%8A%D8%B4%D9%86-%D9%85%D8%B0%D9%87%D9%84%D8%A9-%D8%A8%D8%A7%D8%B3%D8%AA%D8%AE%D8%AF%D8%A7%D9%85-%D8%A7%D9%84%D8%B0%D9%83%D8%A7%D8%A1-%D8%A7%D9%84%D8%A7%D8%B5%D8%B7%D9%86%D8%A7%D8%B9%D9%8A
403 Forbidden,Non trouvé,Non trouvé,Non trouvé,Aucun avis,Inconnu,Inconnu,Aucun tag,https://khamsat.com/video-design/video-editing/2174986-%D8%AA%D8%B5%D9%85%D9%8A%D9%85-%D9%85%D9%88%D9%86%D8%AA%D8%A7%D8%AC-%D9%84%D9%84%D9%81%D9%8A%D8%AF%D9%88%D9%87%D8%A7%D8%AA-%D8%A8%D8%A3%D8%AD%D8%AA%D8%B1%D8%A7%D9%81
403 Forbidden,Non trouvé,Non trouvé,Non trouvé,Aucun avis,Inconnu,Inconnu,Aucun tag,https://khamsat.com/video-design/short-videos/3754933-%D8%AA%D8%B5%D9%85%D9%8A%D9%85-%D9%81%D9%8A%D8%AF%D8%A8%D9%88%D9%87%D8%A7%D8%AA-%D9%82%D8%B5%D9%8A%D8%B1%D8%A9
403 Forbidden,Non trouvé,Non trouvé,Non trouvé,Aucun avis,Inconnu,Inconnu,Aucun tag,https://khamsat.com/video-design/video-editing/3229799-%D8%A5%D9%86%D8%AA%D8%A7%D8%AC-%D9%81%D9%8A%D8%AF%D9%8A%D9%88-%D8%A5%D8%B9%D9%84%D8%A7%D9%86%D9%8A-%D8%A7%D8%AD%D8%AA%D8%B1%D8%A7%D9%81%D9%8A-%D9%84%D9%84%D8%AA%D8%B3%D9%88%D9%8A%D9%82-%D9%88%D8%B2%D9%8A%D8%A7%D8%AF%D8%A9-%D8%A7%D9%84%D9%85%D8%A8%D9%8A%D8%B9%D8%A7%D8%AA
403 Forbidden,Non trouvé,Non trouvé,Non trouvé,Aucun avis,Inconnu,Inconnu,Aucun tag,https://khamsat.com/video-design/ai-video-animation/3727540-%D8%AA%D8%AD%D9%88%D9%8A%D9%84-%D8%B4%D8%B9%D8%A7%D8%B1-%D8%B4%D8%B1%D9%83%D8%AA%D9%83-%D8%A5%D9%84%D9%89-%D9%85%D8%B4%D9%87%D8%AF-%D8%A8%D8%B5%D8%B1%D9%8A-%D8%A5%D8%A8%D8%AF%D8%A7%D8%B9%D9%8A-%D8%A8%D8%A7%D9%84%D8%B0%D9%83%D8%A7%D8%A1-%D8%A7%D9%84%D8%A7%D8%B5%D8%B7%D9%86%D8%A7%D8%B9%D9%8A
403 Forbidden,Non trouvé,Non trouvé,Non trouvé,Aucun avis,Inconnu,Inconnu,Aucun tag,https://khamsat.com/video-design/video-editing/1647981-%D9%85%D9%88%D9%86%D8%AA%D8%A7%D8%AC-%D9%88%D8%A7%D8%AE%D8%B1%D8%A7%D8%AC-%D9%84%D9%84%D9%81%D9%8A%D8%AF%D9%8A%D9%88%D9%87%D8%A7%D8%AA-%D8%A8%D8%AC%D9%88%D8%AF%D8%A9-hd-%D9%88%D8%A8%D8%B4%D9%83%D9%84-%D8%A7%D8%AD%D8%AA%D8%B1%D8%A7%D9%81%D9%8A
403 Forbidden,Non trouvé,Non trouvé,Non trouvé,Aucun avis,Inconnu,Inconnu,Aucun tag,https://khamsat.com/video-design/short-videos/3888261-%D8%AA%D8%B5%D9%85%D9%8A%D9%85-%D9%81%D9%8A%D8%AF%D9%8A%D9%88%D9%87%D8%A7%D8%AA-%D8%A5%D8%B9%D9%84%D8%A7%D9%86%D9%8A%D9%87-%D9%85%D9%86%D8%A7%D8%B3%D8%A8%D9%87-%D9%84%D9%80-%D8%AA%D9%8A%D9%83-%D8%AA%D9%88%D9%83-%D9%88%D8%B1%D9%8A%D9%84%D8%B2-%D9%88%D8%B3%D9%86%D8%A7%D8%A8
403 Forbidden,Non trouvé,Non trouvé,Non trouvé,Aucun avis,Inconnu,Inconnu,Aucun tag,https://khamsat.com/video-design/video-editing/3024698-%D9%85%D9%88%D9%86%D8%AA%D8%A7%D8%AC-%D8%A7%D8%AD%D8%AA%D8%B1%D8%A7%D9%81%D9%8A-%D9%84%D9%84%D9%81%D9%8A%D8%AF%D9%8A%D9%88%D9%87%D8%A7%D8%AA-%D8%A7%D9%84%D8%B7%D9%88%D9%8A%D9%84%D8%A9-%D9%88%D8%A7%D9%84%D8%B1%D9%8A%D9%84%D8%B2
403 Forbidden,Non trouvé,Non trouvé,Non trouvé,Aucun avis,Inconnu,Inconnu,Aucun tag,https://khamsat.com/video-design/ai-video-animation/3760756-%D8%A5%D9%86%D8%AA%D8%A7%D8%AC-%D9%81%D9%8A%D8%AF%D9%8A%D9%88-%D8%AF%D8%B9%D8%A7%D8%A6%D9%8A-%D8%A7%D8%AD%D8%AA%D8%B1%D8%A7%D9%81%D9%8A-%D8%A8%D8%A7%D9%84%D8%B0%D9%83%D8%A7%D8%A1-%D8%A7%D9%84%D8%A7%D8%B5%D8%B7%D9%86%D8%A7%D8%B9%D9%8A-veo3
403 Forbidden,Non trouvé,Non trouvé,Non trouvé,Aucun avis,Inconnu,Inconnu,Aucun tag,https://khamsat.com/video-design/video-editing/518886-%D9%85%D9%88%D9%86%D8%AA%D8%A7%D8%AC-%D9%81%D9%8A%D8%AF%D9%8A%D9%88%D9%87%D8%A7%D8%AA-%D8%A5%D8%AD%D8%AA%D8%B1%D8%A7%D9%81%D9%8A%D8%A9-%D9%88%D8%A8%D8%AC%D9%88%D8%AF%D8%A9-%D8%B9%D8%A7%D9%84%D9%8A%D8%A9-%D8%AC%D8%AF%D8%A7
403 Forbidden,Non trouvé,Non trouvé,Non trouvé,Aucun avis,Inconnu,Inconnu,Aucun tag,https://khamsat.com/video-design/short-videos/3096721-%D8%B9%D9%85%D9%84-%D9%85%D9%88%D9%86%D8%AA%D8%A7%D8%AC-%D8%A7%D8%AD%D8%AA%D8%B1%D8%A7%D9%81%D9%8A-%D9%84%D8%B1%D9%8A%D9%84%D8%B2%D8%A7%D8%AA-%D8%A7%D9%88-%D8%B4%D9%88%D8%B1%D8%AA%D8%B3-%D9%8A%D9%88%D8%AA%D9%8A%D9%88%D8%A8
403 Forbidden,Non trouvé,Non trouvé,Non trouvé,Aucun avis,Inconnu,Inconnu,Aucun tag,https://khamsat.com/video-design/video-editing/2947728-%D9%85%D9%88%D9%86%D8%AA%D8%A7%D8%AC-%D9%88%D8%AA%D8%B9%D8%AF%D9%8A%D9%84-%D8%A7%D9%84%D9%81%D9%8A%D8%AF%D9%8A%D9%88-%D8%A8%D8%AC%D9%88%D8%AF%D8%A9-%D8%B9%D8%A7%D9%84%D9%8A%D8%A9
403 Forbidden,Non trouvé,Non trouvé,Non trouvé,Aucun avis,Inconnu,Inconnu,Aucun tag,https://khamsat.com/video-design/ai-video-animation/3650247-%D8%A7%D8%B5%D9%86%D8%B9-%D9%81%D9%8A%D8%AF%D9%8A%D9%88%D9%83-%D8%A8%D8%A7%D9%84%D8%B0%D9%83%D8%A7%D8%A1-%D8%A7%D9%84%D8%A7%D8%B5%D8%B7%D9%86%D8%A7%D8%B9%D9%8A-%D8%A7%D9%84%D8%A2%D9%86
403 Forbidden,Non trouvé,Non trouvé,Non trouvé,Aucun avis,Inconnu,Inconnu,Aucun tag,https://khamsat.com/video-design/video-editing/973062-%D8%B5%D9%86%D8%A7%D8%B9%D8%A9-%D9%88%D8%AA%D8%B9%D8%AF%D9%8A%D9%84-%D8%A7%D9%84%D9%81%D9%8A%D8%AF%D9%8A%D9%88%D9%87%D8%A7%D8%AA
403 Forbidden,Non trouvé,Non trouvé,Non trouvé,Aucun avis,Inconnu,Inconnu,Aucun tag,https://khamsat.com/video-design/short-videos/3840997-%D9%85%D9%88%D9%86%D8%AA%D8%A7%D8%AC-%D9%81%D9%8A%D8%AF%D9%8A%D9%88%D9%87%D8%A7%D8%AA-%D8%B1%D9%8A%D9%84%D8%B2-%D8%A8%D8%A7%D8%AD%D8%AA%D8%B1%D8%A7%D9%81%D9%8A%D8%A9
403 Forbidden,Non trouvé,Non trouvé,Non trouvé,Aucun avis,Inconnu,Inconnu,Aucun tag,https://khamsat.com/video-design/video-editing/3244252-%D9%85%D9%88%D9%86%D8%AA%D8%A7%D8%AC-%D8%B1%D9%8A%D9%84-%D9%81%D9%8A%D8%AF%D9%8A%D9%88-%D9%82%D8%B5%D9%8A%D8%B1-%D8%A7%D8%AD%D8%AA%D8%B1%D8%A7%D9%81%D9%8A
403 Forbidden,Non trouvé,Non trouvé,Non trouvé,Aucun avis,Inconnu,Inconnu,Aucun tag,https://khamsat.com/video-design/social-media-video-ads/2859090-%D8%A5%D9%86%D8%AA%D8%A7%D8%AC-%D9%81%D9%8A%D8%AF%D9%8A%D9%88%D9%87%D8%A7%D8%AA-%D8%A5%D8%B9%D9%84%D8%A7%D9%86%D9%8A%D8%A9-%D9%82%D8%B5%D9%8A%D8%B1%D8%A9
403 Forbidden,Non trouvé,Non trouvé,Non trouvé,Aucun avis,Inconnu,Inconnu,Aucun tag,https://khamsat.com/video-design/video-editing/2515405-%D9%85%D9%88%D9%86%D8%AA%D8%A7%D8%AC-%D9%81%D9%8A%D8%AF%D9%8A%D9%88-%D8%A7%D8%AD%D8%AA%D8%B1%D8%A7%D9%81%D9%8A-%D8%A8%D8%A7%D8%B3%D8%AA%D8%AE%D8%AF%D8%A7%D9%85-%D8%A8%D8%B1%D8%A7%D9%85%D8%AC-%D8%A7%D8%AF%D9%88%D8%A8%D9%8A
403 Forbidden,Non trouvé,Non trouvé,Non trouvé,Aucun avis,Inconnu,Inconnu,Aucun tag,https://khamsat.com/video-design/short-videos/3249094-%D9%85%D9%88%D9%86%D8%AA%D8%A7%D8%AC-%D9%81%D9%8A%D8%AF%D9%8A%D9%88-%D8%B1%D9%8A%D9%84%D8%B2-%D8%A5%D8%AD%D8%AA%D8%B1%D8%A7%D9%81%D9%8A-%D9%84%D9%84%D9%81%D9%8A%D8%B3-%D8%A8%D9%88%D9%83-%D8%A7%D9%88-%D8%A3%D9%86%D8%B3%D8%AA%D8%BA%D8%B1%D8%A7%D9%85
403 Forbidden,Non trouvé,Non trouvé,Non trouvé,Aucun avis,Inconnu,Inconnu,Aucun tag,https://khamsat.com/video-design/video-editing/1482064-%D9%85%D9%88%D9%86%D8%AA%D8%A7%D8%AC-%D8%A7%D8%AD%D8%AA%D8%B1%D8%A7%D9%81%D9%8A-%D8%A8%D8%B7%D8%B1%D9%8A%D9%82%D8%A9-%D8%B3%D9%8A%D9%86%D9%85%D8%A7%D8%A6%D9%8A%D8%A9
403 Forbidden,Non trouvé,Non trouvé,Non trouvé,Aucun avis,Inconnu,Inconnu,Aucun tag,https://khamsat.com/video-design/social-media-video-ads/3162220-%D8%AA%D8%B5%D9%85%D9%8A%D9%85-%D9%81%D9%8A%D8%AF%D9%8A%D9%88-%D8%A7%D8%B9%D9%84%D8%A7%D9%86%D9%8A-%D8%A7%D8%AD%D8%AA%D8%B1%D8%A7%D9%81%D9%8A-%D9%84%D9%84%D8%B3%D9%86%D8%A7%D8%A8-%D8%B4%D8%A7%D8%AA
403 Forbidden,Non trouvé,Non trouvé,Non trouvé,Aucun avis,Inconnu,Inconnu,Aucun tag,https://khamsat.com/video-design/video-editing/2251002-%D9%85%D9%88%D9%86%D8%AA%D8%A7%D8%AC-%D9%81%D9%8A%D8%AF%D9%8A%D9%88%D8%BA%D8%B1%D8%A7%D9%81-%D8%A7%D8%AE%D8%A8%D8%A7%D8%B1%D9%89-%D8%A7%D9%88-%D9%88%D8%AB%D8%A7%D8%A6%D9%82%D9%89
403 Forbidden,Non trouvé,Non trouvé,Non trouvé,Aucun avis,Inconnu,Inconnu,Aucun tag,https://khamsat.com/video-design/short-videos/2512515-%D9%85%D9%88%D9%86%D8%AA%D8%A7%D8%AC-%D9%84%D9%84%D9%81%D9%8A%D8%AF%D9%88%D9%87%D8%A7%D8%AA-%D8%A7%D9%84%D9%8A%D9%88%D8%AA%D9%8A%D9%88%D8%A8-%D9%83%D8%A7%D9%85%D9%84-%D8%A7%D9%88-%D9%81%D9%8A%D8%AF%D9%8A%D9%88%D9%87%D8%A7%D8%AA-%D9%82%D8%B5%D9%8A%D8%B1%D8%A9
403 Forbidden,Non trouvé,Non trouvé,Non trouvé,Aucun avis,Inconnu,Inconnu,Aucun tag,https://khamsat.com/video-design/video-editing/2970585-%D9%85%D9%88%D9%86%D8%AA%D8%A7%D8%AC-%D8%B1%D9%8A%D9%84%D8%B2-%D9%88%D9%8A%D9%88%D8%AA%D9%8A%D9%88%D8%A8-%D8%B4%D8%A7%D9%85%D9%84-%D9%83%D9%84-%D8%B4%D8%A6-%D8%A8%D8%A7%D8%B9%D9%84%D9%8A-%D8%AC%D9%88%D8%AF%D9%87
403 Forbidden,Non trouvé,Non trouvé,Non trouvé,Aucun avis,Inconnu,Inconnu,Aucun tag,https://khamsat.com/video-design/social-media-video-ads/2414492-%D8%AA%D8%B5%D9%85%D9%8A%D9%85-%D9%81%D9%8A%D8%AF%D9%8A%D9%88-%D8%A5%D8%B9%D9%84%D8%A7%D9%86%D9%8A-%D9%85%D9%86%D8%A7%D8%B3%D8%A8-%D9%84%D9%80-%D8%AA%D9%8A%D9%83-%D8%AA%D9%88%D9%83-%D8%B1%D9%8A%D9%84%D8%B2-%D8%B3%D9%86%D8%A7%D8%A8-%D8%B4%D8%A7%D8%AA
403 Forbidden,Non trouvé,Non trouvé,Non trouvé,Aucun avis,Inconnu,Inconnu,Aucun tag,https://khamsat.com/video-design/video-editing/1764330-%D9%85%D9%88%D9%86%D8%AA%D8%A7%D8%AC-%D8%A8%D8%A8%D8%AC%D9%8A-%D8%A7%D8%AD%D8%AA%D8%B1%D8%A7%D9%81%D9%8A-%D9%85%D8%A8%D9%87%D8%B1-%D9%88%D8%A8%D9%88%D9%82%D8%AA-%D9%82%D8%B5%D9%8A%D8%B1-%D8%AC%D8%AF%D8%A7
403 Forbidden,Non trouvé,Non trouvé,Non trouvé,Aucun avis,Inconnu,Inconnu,Aucun tag,https://khamsat.com/video-design/short-videos/3765894-%D9%85%D9%88%D9%86%D8%AA%D8%A7%D8%AC-%D8%A7%D8%AD%D8%AA%D8%B1%D8%A7%D9%81%D9%8A-reels-%D9%88-%D9%81%D9%8A%D8%AF%D9%8A%D9%88%D9%87%D8%A7%D8%AA-%D9%82%D8%B5%D9%8A%D8%B1%D8%A9
403 Forbidden,Non trouvé,Non trouvé,Non trouvé,Aucun avis,Inconnu,Inconnu,Aucun tag,https://khamsat.com/video-design/video-editing/2366093-%D9%85%D9%88%D9%86%D8%AA%D8%A7%D8%AC-%D9%81%D9%8A%D8%AF%D9%8A%D9%88%D9%87%D8%A7%D8%AA-%D8%A8%D8%B4%D9%83%D9%84-%D8%A7%D8%AD%D8%AA%D8%B1%D8%A7%D9%81%D9%8A-%D9%88%D9%85%D9%85%D9%8A%D8%B2
403 Forbidden,Non trouvé,Non trouvé,Non trouvé,Aucun avis,Inconnu,Inconnu,Aucun tag,https://khamsat.com/video-design/social-media-video-ads/1923795-%D8%B5%D9%85%D9%85-%D8%A7%D8%B9%D9%84%D8%A7%D9%86%D9%83-%D9%84%D8%B3%D9%86%D8%A7%D8%A8-%D8%B4%D8%A7%D8%AA-%D9%88%D8%B3%D8%AA%D9%88%D8%B1%D9%8A-%D8%A7%D9%86%D8%B3%D8%AA%D8%BA%D8%B1%D8%A7%D9%85
403 Forbidden,Non trouvé,Non trouvé,Non trouvé,Aucun avis,Inconnu,Inconnu,Aucun tag,https://khamsat.com/video-design/video-editing/1719918-%D9%85%D9%88%D9%86%D8%AA%D8%A7%D8%AC-%D9%81%D9%8A%D8%AF%D9%8A%D9%88%D9%87%D8%A7%D8%AA%D9%83-%D8%A8%D8%A7%D8%AD%D8%AA%D8%B1%D8%A7%D9%81%D9%8A%D8%A9
403 Forbidden,Non trouvé,Non trouvé,Non trouvé,Aucun avis,Inconnu,Inconnu,Aucun tag,https://khamsat.com/video-design/short-videos/3722785-%D9%85%D9%88%D9%86%D8%AA%D8%A7%D8%AC-%D9%81%D9%8A%D8%AF%D9%8A%D9%88%D9%87%D8%A7%D8%AA-%D9%82%D8%B5%D9%8A%D8%B1%D8%A9-%D8%B1%D9%8A%D9%84%D8%B2-%D8%AA%D9%8A%D9%83-%D8%AA%D9%88%D9%83-%D8%B4%D9%88%D8%B1%D8%AA%D8%B3-%D8%B9%D9%84%D9%89-%D9%83%D8%A7%D8%A8-%D9%83%D8%A7%D8%AA
403 Forbidden,Non trouvé,Non trouvé,Non trouvé,Aucun avis,Inconnu,Inconnu,Aucun tag,https://khamsat.com/video-design/video-editing/3505045-%D9%85%D9%88%D9%86%D8%AA%D8%A7%D8%AC-%D8%A7%D8%AD%D8%AA%D8%B1%D8%A7%D9%81%D9%8A-%D9%84%D9%84%D9%81%D9%8A%D8%AF%D9%8A%D9%88-%D8%A7%D9%84%D9%82%D8%B5%D9%8A%D8%B1
403 Forbidden,Non trouvé,Non trouvé,Non trouvé,Aucun avis,Inconnu,Inconnu,Aucun tag,https://khamsat.com/video-design/social-media-video-ads/855296-%D8%A7%D8%B5%D9%85%D9%85-%D9%84%D9%83-%D9%81%D9%8A%D8%AF%D9%8A%D9%88-%D8%A7%D8%B9%D9%84%D8%A7%D9%86%D9%8A-%D9%84%D9%84%D8%B3%D9%88%D8%B4%D9%8A%D8%A7%D9%84-%D9%85%D9%8A%D8%AF%D9%8A%D8%A7-%D9%85%D9%85%D9%8A%D8%B2-%D9%88%D8%B1%D8%A7%D9%82%D9%8A-%D9%84%D8%AC%D8%B0%D8%A8-%D8%B9%D9%85%D9%84%D8%A7%D8%A6%D9%83
403 Forbidden,Non trouvé,Non trouvé,Non trouvé,Aucun avis,Inconnu,Inconnu,Aucun tag,https://khamsat.com/video-design/video-editing/1831186-%D8%B9%D9%85%D9%84-%D9%85%D9%88%D9%86%D8%AA%D8%A7%D8%AC-%D9%84%D9%84%D9%81%D9%8A%D8%AF%D9%8A%D9%88%D9%87%D8%A7%D8%AA-%D8%A8%D8%AC%D9%85%D9%8A%D8%B9-%D8%A3%D9%86%D9%88%D8%A7%D8%B9%D9%87%D8%A7-%D9%88-%D8%A8%D8%AD%D8%B3%D8%A8-%D8%B7%D9%84%D8%A8%D9%83
403 Forbidden,Non trouvé,Non trouvé,Non trouvé,Aucun avis,Inconnu,Inconnu,Aucun tag,https://khamsat.com/video-design/short-videos/2964615-%D8%AA%D8%B5%D9%85%D9%8A%D9%85-%D9%81%D9%8A%D8%AF%D9%8A%D9%88%D9%87%D8%A7%D8%AA-%D8%B1%D9%8A%D9%84%D8%B2-%D8%B3%D9%88%D8%B4%D9%8A%D8%A7%D9%84-%D9%85%D9%8A%D8%AF%D9%8A%D8%A7
403 Forbidden,Non trouvé,Non trouvé,Non trouvé,Aucun avis,Inconnu,Inconnu,Aucun tag,https://khamsat.com/video-design/video-editing/2523337-%D8%AE%D8%AF%D9%85%D9%87-%D8%A7%D9%84%D9%85%D9%88%D9%86%D8%AA%D8%A7%D8%AC-%D8%A7%D9%84%D8%A7%D8%AD%D8%AA%D8%B1%D8%A7%D9%81%D9%8A-%D9%84%D9%84%D9%81%D9%8A%D8%AF%D9%8A%D9%88%D9%87%D8%A7%D8%AA
403 Forbidden,Non trouvé,Non trouvé,Non trouvé,Aucun avis,Inconnu,Inconnu,Aucun tag,https://khamsat.com/video-design/social-media-video-ads/2669483-%D8%AA%D8%B5%D9%85%D9%8A%D9%85-%D8%B1%D9%8A%D9%84%D8%B2-%D8%A5%D8%B9%D9%84%D8%A7%D9%86%D9%8A-%D8%A7%D8%AD%D8%AA%D8%B1%D8%A7%D9%81%D9%89-%D9%84%D9%80-%D8%AA%D9%8A%D9%83-%D8%AA%D9%88%D9%83-%D8%A7%D9%86%D8%B3%D8%AA%D8%AC%D8%B1%D8%A7%D9%85-%D9%8A%D9%88%D8%AA%D9%8A%D9%88%D8%A8-%D9%81%D9%8A%D8%B3
403 Forbidden,Non trouvé,Non trouvé,Non trouvé,Aucun avis,Inconnu,Inconnu,Aucun tag,https://khamsat.com/video-design/video-editing/1735252-%D9%85%D9%88%D9%86%D8%AA%D8%A7%D8%AC-%D9%81%D9%8A%D8%AF%D9%8A%D9%88%D8%BA%D8%B1%D8%A7%D9%81-%D8%A7%D8%AD%D8%AA%D8%B1%D8%A7%D9%81%D9%8A-%D9%84%D9%85%D9%86%D8%AA%D8%AC%D9%83-%D8%A3%D9%88-%D9%85%D9%88%D9%82%D8%B9%D9%83-%D8%B9%D9%84%D9%89-%D8%B7%D8%B1%D9%8A%D9%82%D8%A9-%D9%85%D9%86%D8%B5%D8%A9-aj
403 Forbidden,Non trouvé,Non trouvé,Non trouvé,Aucun avis,Inconnu,Inconnu,Aucun tag,https://khamsat.com/video-design/short-videos/2931412-%D8%AE%D8%AF%D9%85%D8%A9-%D9%85%D9%88%D9%86%D8%AA%D8%A7%D8%AC-%D8%A7%D9%84%D9%81%D9%8A%D8%AF%D9%8A%D9%88-%D9%84%D9%84%D9%85%D9%86%D8%B5%D8%A7%D8%AA-%D8%B1%D9%8A%D9%84%D8%B2-%D8%AA%D9%8A%D9%83%D8%AA%D9%88%D9%83-%D8%B3%D9%86%D8%A7%D8%A8-%D8%B4%D8%A7%D8%AA-%D9%88%D9%8A%D9%88%D8%AA%D9%8A%D9%88%D8%A8
403 Forbidden,Non trouvé,Non trouvé,Non trouvé,Aucun avis,Inconnu,Inconnu,Aucun tag,https://khamsat.com/video-design/video-editing/2649685-%D9%85%D9%88%D9%86%D8%AA%D8%A7%D8%AC-%D9%81%D9%8A%D8%AF%D9%8A%D9%88-%D8%A7%D8%AD%D8%AA%D8%B1%D8%A7%D9%81%D9%8A-%D8%A8%D8%AC%D9%88%D8%AF%D8%A9-%D8%B9%D8%A7%D9%84%D9%8A%D8%A9
403 Forbidden,Non trouvé,Non trouvé,Non trouvé,Aucun avis,Inconnu,Inconnu,Aucun tag,https://khamsat.com/video-design/social-media-video-ads/2080949-%D8%A7%D8%B9%D9%84%D8%A7%D9%86-%D9%85%D9%88%D8%B4%D9%86-%D8%AC%D8%B1%D8%A7%D9%81%D9%8A%D9%83-%D8%A7%D8%AD%D8%AA%D8%B1%D8%A7%D9%81%D9%8A-%D9%88%D9%85%D8%A8%D8%AA%D9%83%D8%B1-%D9%84%D9%84%D8%B3%D9%86%D8%A7%D8%A8-%D8%B4%D8%A7%D8%AA-%D8%A7%D9%88-%D8%A7%D9%86%D8%B3%D8%AA%D8%BA%D8%B1%D8%A7%D9%85
403 Forbidden,Non trouvé,Non trouvé,Non trouvé,Aucun avis,Inconnu,Inconnu,Aucun tag,https://khamsat.com/video-design/video-editing/3715194-%D9%85%D9%88%D9%86%D8%AA%D8%A7%D8%AC-%D8%B1%D9%8A%D9%84%D8%B2-%D9%88%D9%81%D8%AF%D9%8A%D9%88%D9%87%D8%A7%D8%AA-%D8%A7%D9%84%D8%AA%D9%8A%D9%83-%D8%AA%D9%88%D9%83
403 Forbidden,Non trouvé,Non trouvé,Non trouvé,Aucun avis,Inconnu,Inconnu,Aucun tag,https://khamsat.com/video-design/short-videos/3316862-%D9%85%D9%88%D9%86%D8%AA%D8%A7%D8%AC-%D9%81%D9%8A%D8%AF%D9%8A%D9%88-%D9%8A%D9%88%D8%AA%D9%8A%D9%88%D8%A8-%D8%B4%D9%88%D8%B1%D8%AA-%D8%A7%D8%AD%D8%AA%D8%B1%D8%A7%D9%81%D9%8A
403 Forbidden,Non trouvé,Non trouvé,Non trouvé,Aucun avis,Inconnu,Inconnu,Aucun tag,https://khamsat.com/video-design/video-editing/3255050-%D8%AA%D8%B5%D9%85%D9%8A%D9%85-%D9%88-%D9%85%D9%88%D9%86%D8%AA%D8%A7%D8%AC-%D9%81%D9%8A%D8%AF%D9%8A%D9%88-%D8%A8%D8%B4%D9%83%D9%84-%D8%A7%D8%AD%D8%AA%D8%B1%D8%A7%D9%81%D9%89
403 Forbidden,Non trouvé,Non trouvé,Non trouvé,Aucun avis,Inconnu,Inconnu,Aucun tag,https://khamsat.com/video-design/social-media-video-ads/2812656-%D8%A5%D9%86%D8%B4%D8%A7%D8%A1-%D9%81%D9%8A%D8%AF%D9%8A%D9%88-%D8%A5%D8%B9%D9%84%D8%A7%D9%86%D9%8A-%D9%85%D9%86%D8%A7%D8%B3%D8%A8-%D9%84%D8%AC%D9%85%D9%8A%D8%B9-%D9%85%D9%86%D8%B5%D8%A7%D8%AA-%D8%A7%D9%84%D8%B3%D9%88%D8%B4%D9%8A%D9%84-%D9%85%D9%8A%D8%AF%D9%8A%D8%A7
403 Forbidden,Non trouvé,Non trouvé,Non trouvé,Aucun avis,Inconnu,Inconnu,Aucun tag,https://khamsat.com/video-design/video-editing/1709178-%D9%85%D9%88%D9%86%D8%AA%D8%A7%D8%AC-%D9%88%D8%AA%D8%AD%D8%B1%D9%8A%D8%B1-%D9%81%D9%8A%D8%AF%D9%8A%D9%88%D9%87%D8%A7%D8%AA-%D8%A7%D8%AD%D8%AA%D8%B1%D8%A7%D9%81%D9%8A%D8%A9
403 Forbidden,Non trouvé,Non trouvé,Non trouvé,Aucun avis,Inconnu,Inconnu,Aucun tag,https://khamsat.com/video-design/short-videos/3087243-%D9%85%D9%88%D9%86%D8%AA%D8%A7%D8%AC-%D8%B1%D9%8A%D9%84%D8%B2-%D9%8A%D8%AD%D9%83%D9%8A-%D9%82%D8%B5%D8%AA%D9%83-%D9%88%D9%8A%D8%AA%D8%B1%D9%83-%D8%A8%D8%B5%D9%85%D8%A9
