Nom catégorie,Lien
أعمال,https://khamsat.com/business
برمجة وتطوير,https://khamsat.com/programming
ذكاء اصطناعي وتعلم الآلة,https://khamsat.com/ai-machine-learning
تعليم عن بعد,https://khamsat.com/training
تسويق رقمي,https://khamsat.com/marketing
تصميم,https://khamsat.com/designing
فيديو وأنيميشن,https://khamsat.com/video-design
صوتيات,https://khamsat.com/audio
كتابة وترجمة,https://khamsat.com/writing
هندسة وعمارة,https://khamsat.com/engineering
بيانات,https://khamsat.com/data
أسلوب حياة,https://khamsat.com/lifestyle
